<?xml version='1.0' encoding='UTF-8' standalone='no'?>
<sbml xmlns="http://www.sbml.org/sbml/level3/version1/core" xmlns:layout="http://www.sbml.org/sbml/level3/version1/layout/version1" level="3" arrays:required="true" fbc:required="false" xmlns:comp="http://www.sbml.org/sbml/level3/version1/comp/version1" xmlns:fbc="http://www.sbml.org/sbml/level3/version1/fbc/version1" comp:required="true" xmlns:arrays="http://www.sbml.org/sbml/level3/version1/arrays/version1" version="1" layout:required="false">
  <model id="Requirement" metaid="iBioSim2">
    <comp:listOfPorts xmlns:comp="http://www.sbml.org/sbml/level3/version1/comp/version1">
      <comp:port comp:idRef="Cell" sboTerm="SBO:0000601" comp:id="compartment__Cell"/>
      <comp:port comp:idRef="Req2" sboTerm="SBO:0000600" comp:id="input__Req2"/>
      <comp:port comp:idRef="Req1" sboTerm="SBO:0000600" comp:id="input__Req1"/>
      <comp:port comp:idRef="Req3" sboTerm="SBO:0000600" comp:id="input__Req3"/>
      <comp:port comp:idRef="Metabolite1" sboTerm="SBO:0000601" comp:id="output__Metabolite1"/>
      <comp:port comp:idRef="Metabolite2" sboTerm="SBO:0000601" comp:id="output__Metabolite2"/>
      <comp:port comp:idRef="Metabolite3" sboTerm="SBO:0000601" comp:id="output__Metabolite3"/>
    </comp:listOfPorts>
    <layout:listOfLayouts xmlns:layout="http://www.sbml.org/sbml/level3/version1/layout/version1" xmlns:xsi="http://www.w3.org/2001/XMLSchema-instance">
      <layout:layout layout:id="iBioSim">
        <layout:dimensions layout:width="1070" layout:height="425" layout:depth="0"/>
        <layout:listOfAdditionalGraphicalObjects>
          <layout:generalGlyph layout:reference="Req1" layout:id="Glyph__Req1">
            <layout:boundingBox>
              <layout:position layout:x="142" layout:y="76"/>
              <layout:dimensions layout:width="30" layout:height="30"/>
            </layout:boundingBox>
          </layout:generalGlyph>
          <layout:generalGlyph layout:reference="Req2" layout:id="Glyph__Req2">
            <layout:boundingBox>
              <layout:position layout:x="260" layout:y="80"/>
              <layout:dimensions layout:width="30" layout:height="30"/>
            </layout:boundingBox>
          </layout:generalGlyph>
          <layout:generalGlyph layout:reference="Req3" layout:id="Glyph__Req3">
            <layout:boundingBox>
              <layout:position layout:x="380" layout:y="80"/>
              <layout:dimensions layout:width="30" layout:height="30"/>
            </layout:boundingBox>
          </layout:generalGlyph>
          <layout:generalGlyph layout:reference="p0" layout:id="Glyph__p0">
            <layout:boundingBox>
              <layout:position layout:x="606" layout:y="77"/>
              <layout:dimensions layout:width="30" layout:height="30"/>
            </layout:boundingBox>
          </layout:generalGlyph>
          <layout:generalGlyph layout:reference="p1" layout:id="Glyph__p1">
            <layout:boundingBox>
              <layout:position layout:x="612" layout:y="192"/>
              <layout:dimensions layout:width="30" layout:height="30"/>
            </layout:boundingBox>
          </layout:generalGlyph>
          <layout:generalGlyph layout:reference="t0" layout:id="Glyph__t0">
            <layout:boundingBox>
              <layout:position layout:x="607" layout:y="145"/>
              <layout:dimensions layout:width="50" layout:height="20"/>
            </layout:boundingBox>
            <layout:listOfReferenceGlyphs>
              <layout:referenceGlyph layout:id="Glyph__t0__substrate__p0" layout:role="substrate" layout:glyph="Glyph__p0">
                <layout:curve>
                  <layout:listOfCurveSegments>
                    <layout:curveSegment xsi:type="LineSegment">
                      <layout:start layout:x="621" layout:y="92"/>
                      <layout:end layout:x="632" layout:y="155"/>
                    </layout:curveSegment>
                  </layout:listOfCurveSegments>
                </layout:curve>
              </layout:referenceGlyph>
              <layout:referenceGlyph layout:id="Glyph__t0__product__p1" layout:role="product" layout:glyph="Glyph__p1">
                <layout:curve>
                  <layout:listOfCurveSegments>
                    <layout:curveSegment xsi:type="LineSegment">
                      <layout:start layout:x="632" layout:y="155"/>
                      <layout:end layout:x="627" layout:y="207"/>
                    </layout:curveSegment>
                  </layout:listOfCurveSegments>
                </layout:curve>
              </layout:referenceGlyph>
            </layout:listOfReferenceGlyphs>
          </layout:generalGlyph>
          <layout:generalGlyph layout:reference="t1" layout:id="Glyph__t1">
            <layout:boundingBox>
              <layout:position layout:x="726" layout:y="154"/>
              <layout:dimensions layout:width="50" layout:height="20"/>
            </layout:boundingBox>
            <layout:listOfReferenceGlyphs>
              <layout:referenceGlyph layout:id="Glyph__t1__substrate__p1" layout:role="substrate" layout:glyph="Glyph__p1">
                <layout:curve>
                  <layout:listOfCurveSegments>
                    <layout:curveSegment xsi:type="LineSegment">
                      <layout:start layout:x="627" layout:y="207"/>
                      <layout:end layout:x="751" layout:y="164"/>
                    </layout:curveSegment>
                  </layout:listOfCurveSegments>
                </layout:curve>
              </layout:referenceGlyph>
              <layout:referenceGlyph layout:id="Glyph__t1__product__p0" layout:role="product" layout:glyph="Glyph__p0">
                <layout:curve>
                  <layout:listOfCurveSegments>
                    <layout:curveSegment xsi:type="LineSegment">
                      <layout:start layout:x="751" layout:y="164"/>
                      <layout:end layout:x="621" layout:y="92"/>
                    </layout:curveSegment>
                  </layout:listOfCurveSegments>
                </layout:curve>
              </layout:referenceGlyph>
            </layout:listOfReferenceGlyphs>
          </layout:generalGlyph>
        </layout:listOfAdditionalGraphicalObjects>
        <layout:listOfCompartmentGlyphs>
          <layout:compartmentGlyph layout:id="Glyph__Cell" layout:compartment="Cell">
            <layout:boundingBox>
              <layout:position layout:x="0" layout:y="0"/>
              <layout:dimensions layout:width="1070" layout:height="425"/>
            </layout:boundingBox>
          </layout:compartmentGlyph>
        </layout:listOfCompartmentGlyphs>
        <layout:listOfSpeciesGlyphs>
          <layout:speciesGlyph layout:id="Glyph__Metabolite1" layout:species="Metabolite1">
            <layout:boundingBox>
              <layout:position layout:x="100" layout:y="220"/>
              <layout:dimensions layout:width="100" layout:height="30"/>
            </layout:boundingBox>
          </layout:speciesGlyph>
          <layout:speciesGlyph layout:id="Glyph__Metabolite2" layout:species="Metabolite2">
            <layout:boundingBox>
              <layout:position layout:x="240" layout:y="220"/>
              <layout:dimensions layout:width="100" layout:height="30"/>
            </layout:boundingBox>
          </layout:speciesGlyph>
          <layout:speciesGlyph layout:id="Glyph__Metabolite3" layout:species="Metabolite3">
            <layout:boundingBox>
              <layout:position layout:x="370" layout:y="220"/>
              <layout:dimensions layout:width="100" layout:height="30"/>
            </layout:boundingBox>
          </layout:speciesGlyph>
        </layout:listOfSpeciesGlyphs>
        <layout:listOfTextGlyphs>
          <layout:textGlyph layout:graphicalObject="Glyph__Cell" layout:id="TextGlyph__Cell" layout:text="Cell">
            <layout:boundingBox>
              <layout:position layout:x="0" layout:y="0"/>
              <layout:dimensions layout:width="1070" layout:height="425"/>
            </layout:boundingBox>
          </layout:textGlyph>
          <layout:textGlyph layout:graphicalObject="Glyph__Req1" layout:id="TextGlyph__Req1" layout:text="Req1">
            <layout:boundingBox>
              <layout:position layout:x="142" layout:y="76"/>
              <layout:dimensions layout:width="30" layout:height="30"/>
            </layout:boundingBox>
          </layout:textGlyph>
          <layout:textGlyph layout:graphicalObject="Glyph__Req2" layout:id="TextGlyph__Req2" layout:text="Req2">
            <layout:boundingBox>
              <layout:position layout:x="260" layout:y="80"/>
              <layout:dimensions layout:width="30" layout:height="30"/>
            </layout:boundingBox>
          </layout:textGlyph>
          <layout:textGlyph layout:graphicalObject="Glyph__Req3" layout:id="TextGlyph__Req3" layout:text="Req3">
            <layout:boundingBox>
              <layout:position layout:x="380" layout:y="80"/>
              <layout:dimensions layout:width="30" layout:height="30"/>
            </layout:boundingBox>
          </layout:textGlyph>
          <layout:textGlyph layout:graphicalObject="Glyph__Metabolite1" layout:id="TextGlyph__Metabolite1" layout:text="Metabolite1">
            <layout:boundingBox>
              <layout:position layout:x="100" layout:y="220"/>
              <layout:dimensions layout:width="100" layout:height="30"/>
            </layout:boundingBox>
          </layout:textGlyph>
          <layout:textGlyph layout:graphicalObject="Glyph__Metabolite2" layout:id="TextGlyph__Metabolite2" layout:text="Metabolite2">
            <layout:boundingBox>
              <layout:position layout:x="240" layout:y="220"/>
              <layout:dimensions layout:width="100" layout:height="30"/>
            </layout:boundingBox>
          </layout:textGlyph>
          <layout:textGlyph layout:graphicalObject="Glyph__Metabolite3" layout:id="TextGlyph__Metabolite3" layout:text="Metabolite3">
            <layout:boundingBox>
              <layout:position layout:x="370" layout:y="220"/>
              <layout:dimensions layout:width="100" layout:height="30"/>
            </layout:boundingBox>
          </layout:textGlyph>
          <layout:textGlyph layout:graphicalObject="Glyph__p0" layout:id="TextGlyph__p0" layout:text="p0">
            <layout:boundingBox>
              <layout:position layout:x="606" layout:y="77"/>
              <layout:dimensions layout:width="30" layout:height="30"/>
            </layout:boundingBox>
          </layout:textGlyph>
          <layout:textGlyph layout:graphicalObject="Glyph__p1" layout:id="TextGlyph__p1" layout:text="p1">
            <layout:boundingBox>
              <layout:position layout:x="612" layout:y="192"/>
              <layout:dimensions layout:width="30" layout:height="30"/>
            </layout:boundingBox>
          </layout:textGlyph>
          <layout:textGlyph layout:graphicalObject="Glyph__t0" layout:id="TextGlyph__t0" layout:text="t0">
            <layout:boundingBox>
              <layout:position layout:x="607" layout:y="145"/>
              <layout:dimensions layout:width="50" layout:height="20"/>
            </layout:boundingBox>
          </layout:textGlyph>
          <layout:textGlyph layout:graphicalObject="Glyph__t1" layout:id="TextGlyph__t1" layout:text="t1">
            <layout:boundingBox>
              <layout:position layout:x="726" layout:y="154"/>
              <layout:dimensions layout:width="50" layout:height="20"/>
            </layout:boundingBox>
          </layout:textGlyph>
        </layout:listOfTextGlyphs>
      </layout:layout>
    </layout:listOfLayouts>
    <listOfCompartments>
      <compartment id="Cell" constant="true" spatialDimensions="3" size="1"/>
    </listOfCompartments>
    <listOfSpecies>
      <species id="Metabolite1" constant="false" initialAmount="0" hasOnlySubstanceUnits="true" metaid="iBioSim5" boundaryCondition="false" compartment="Cell"/>
      <species id="Metabolite2" constant="false" initialAmount="0" hasOnlySubstanceUnits="true" metaid="iBioSim6" boundaryCondition="false" compartment="Cell"/>
      <species id="Metabolite3" constant="false" initialAmount="0" hasOnlySubstanceUnits="true" metaid="iBioSim7" boundaryCondition="false" compartment="Cell"/>
    </listOfSpecies>
    <listOfParameters>
      <parameter id="Req1" constant="false" metaid="iBioSim1" value="0"/>
      <parameter id="Req2" constant="false" metaid="iBioSim3" value="0"/>
      <parameter id="Req3" constant="false" metaid="iBioSim4" value="0"/>
      <parameter id="p0" constant="false" metaid="iBioSim9" value="1" sboTerm="SBO:0000593"/>
      <parameter id="p1" constant="false" metaid="iBioSim10" value="0" sboTerm="SBO:0000593"/>
    </listOfParameters>
    <listOfEvents>
      <event id="t0" metaid="iBioSim11" sboTerm="SBO:0000591" useValuesFromTriggerTime="false">
        <trigger persistent="false" initialValue="false">
          <math xmlns="http://www.w3.org/1998/Math/MathML">          
            <apply>
              <and/>
              <true/>
              <apply>
                <eq/>
                <ci> p0 </ci>
                <cn type="integer"> 1 </cn>
              </apply>
            </apply>
          </math>
                </trigger>
        <listOfEventAssignments>
          <eventAssignment variable="Metabolite1">
            <math xmlns="http://www.w3.org/1998/Math/MathML">            
              <apply>
                <floor/>
                <apply>
                  <divide/>
                  <apply>
                    <times/>
                    <apply>
                      <plus/>
                      <apply>
                        <plus/>
                        <ci> Metabolite1 </ci>
                        <ci> Metabolite2 </ci>
                      </apply>
                      <ci> Metabolite3 </ci>
                    </apply>
                    <ci> Req1 </ci>
                  </apply>
                  <apply>
                    <plus/>
                    <apply>
                      <plus/>
                      <ci> Req1 </ci>
                      <ci> Req2 </ci>
                    </apply>
                    <ci> Req3 </ci>
                  </apply>
                </apply>
              </apply>
            </math>
                    </eventAssignment>
          <eventAssignment variable="Metabolite2">
            <math xmlns="http://www.w3.org/1998/Math/MathML">            
              <apply>
                <floor/>
                <apply>
                  <divide/>
                  <apply>
                    <times/>
                    <apply>
                      <plus/>
                      <apply>
                        <plus/>
                        <ci> Metabolite1 </ci>
                        <ci> Metabolite2 </ci>
                      </apply>
                      <ci> Metabolite3 </ci>
                    </apply>
                    <ci> Req2 </ci>
                  </apply>
                  <apply>
                    <plus/>
                    <apply>
                      <plus/>
                      <ci> Req1 </ci>
                      <ci> Req2 </ci>
                    </apply>
                    <ci> Req3 </ci>
                  </apply>
                </apply>
              </apply>
            </math>
                    </eventAssignment>
          <eventAssignment variable="Metabolite3">
            <math xmlns="http://www.w3.org/1998/Math/MathML">            
              <apply>
                <floor/>
                <apply>
                  <divide/>
                  <apply>
                    <times/>
                    <apply>
                      <plus/>
                      <apply>
                        <plus/>
                        <ci> Metabolite1 </ci>
                        <ci> Metabolite2 </ci>
                      </apply>
                      <ci> Metabolite3 </ci>
                    </apply>
                    <ci> Req3 </ci>
                  </apply>
                  <apply>
                    <plus/>
                    <apply>
                      <plus/>
                      <ci> Req1 </ci>
                      <ci> Req2 </ci>
                    </apply>
                    <ci> Req3 </ci>
                  </apply>
                </apply>
              </apply>
            </math>
                    </eventAssignment>
          <eventAssignment variable="p0">
            <math xmlns="http://www.w3.org/1998/Math/MathML">            
              <cn type="integer"> 0 </cn>
            </math>
                    </eventAssignment>
          <eventAssignment variable="p1">
            <math xmlns="http://www.w3.org/1998/Math/MathML">            
              <cn type="integer"> 1 </cn>
            </math>
                    </eventAssignment>
        </listOfEventAssignments>
      </event>
      <event id="t1" metaid="iBioSim12" sboTerm="SBO:0000591" useValuesFromTriggerTime="false">
        <trigger persistent="false" initialValue="false">
          <math xmlns="http://www.w3.org/1998/Math/MathML">          
            <apply>
              <and/>
              <true/>
              <apply>
                <eq/>
                <ci> p1 </ci>
                <cn type="integer"> 1 </cn>
              </apply>
            </apply>
          </math>
                </trigger>
        <delay>
          <math xmlns="http://www.w3.org/1998/Math/MathML">          
            <cn type="integer"> 1 </cn>
          </math>
                </delay>
        <listOfEventAssignments>
          <eventAssignment variable="p1">
            <math xmlns="http://www.w3.org/1998/Math/MathML">            
              <cn type="integer"> 0 </cn>
            </math>
                    </eventAssignment>
          <eventAssignment variable="p0">
            <math xmlns="http://www.w3.org/1998/Math/MathML">            
              <cn type="integer"> 1 </cn>
            </math>
                    </eventAssignment>
        </listOfEventAssignments>
      </event>
    </listOfEvents>
  </model>
</sbml>