<?xml version='1.0' encoding='UTF-8' standalone='no'?>
<sbml xmlns="http://www.sbml.org/sbml/level3/version1/core" xmlns:layout="http://www.sbml.org/sbml/level3/version1/layout/version1" level="3" arrays:required="true" fbc:required="false" xmlns:comp="http://www.sbml.org/sbml/level3/version1/comp/version1" xmlns:fbc="http://www.sbml.org/sbml/level3/version1/fbc/version1" comp:required="true" xmlns:arrays="http://www.sbml.org/sbml/level3/version1/arrays/version1" version="1" layout:required="false">
  <comp:listOfExternalModelDefinitions xmlns:comp="http://www.sbml.org/sbml/level3/version1/comp/version1">
    <comp:externalModelDefinition comp:md5="fe16fb5ee09d6a87cea30d308236a784" comp:source="file:Process.xml" comp:id="Process"/>
    <comp:externalModelDefinition comp:md5="efa8e3e9371fba8dffcd42574ed40e43" comp:source="file:Requirement.xml" comp:id="Requirement"/>
  </comp:listOfExternalModelDefinitions>
  <model id="TopProcess" metaid="iBioSim2">
    <comp:listOfSubmodels xmlns:comp="http://www.sbml.org/sbml/level3/version1/comp/version1">
      <comp:submodel comp:modelRef="Process" metaid="iBioSim1" comp:id="C1"/>
      <comp:submodel comp:modelRef="Process" metaid="iBioSim3" comp:id="C2">
        <comp:listOfDeletions>
          <comp:deletion/>
          <comp:deletion/>
          <comp:deletion/>
          <comp:deletion/>
        </comp:listOfDeletions>
      </comp:submodel>
      <comp:submodel comp:modelRef="Process" metaid="iBioSim4" comp:id="C3"/>
      <comp:submodel comp:modelRef="Requirement" metaid="iBioSim12" comp:id="C4"/>
    </comp:listOfSubmodels>
    <comp:listOfPorts xmlns:comp="http://www.sbml.org/sbml/level3/version1/comp/version1">
      <comp:port comp:idRef="Cell" sboTerm="SBO:0000601" comp:id="compartment__Cell"/>
    </comp:listOfPorts>
    <layout:listOfLayouts xmlns:layout="http://www.sbml.org/sbml/level3/version1/layout/version1" xmlns:xsi="http://www.w3.org/2001/XMLSchema-instance">
      <layout:layout layout:id="iBioSim">
        <layout:dimensions layout:width="1070" layout:height="425" layout:depth="0"/>
        <layout:listOfAdditionalGraphicalObjects>
          <layout:generalGlyph layout:reference="C1" layout:id="Glyph__C1">
            <layout:boundingBox>
              <layout:position layout:x="560" layout:y="120"/>
              <layout:dimensions layout:width="80" layout:height="40"/>
            </layout:boundingBox>
          </layout:generalGlyph>
          <layout:generalGlyph layout:reference="C2" layout:id="Glyph__C2">
            <layout:boundingBox>
              <layout:position layout:x="710" layout:y="120"/>
              <layout:dimensions layout:width="80" layout:height="40"/>
            </layout:boundingBox>
          </layout:generalGlyph>
          <layout:generalGlyph layout:reference="C3" layout:id="Glyph__C3">
            <layout:boundingBox>
              <layout:position layout:x="860" layout:y="120"/>
              <layout:dimensions layout:width="80" layout:height="40"/>
            </layout:boundingBox>
          </layout:generalGlyph>
          <layout:generalGlyph layout:reference="Req1" layout:id="Glyph__Req1">
            <layout:boundingBox>
              <layout:position layout:x="640" layout:y="240"/>
              <layout:dimensions layout:width="30" layout:height="30"/>
            </layout:boundingBox>
          </layout:generalGlyph>
          <layout:generalGlyph layout:reference="Req2" layout:id="Glyph__Req2">
            <layout:boundingBox>
              <layout:position layout:x="810" layout:y="240"/>
              <layout:dimensions layout:width="30" layout:height="30"/>
            </layout:boundingBox>
          </layout:generalGlyph>
          <layout:generalGlyph layout:reference="Req3" layout:id="Glyph__Req3">
            <layout:boundingBox>
              <layout:position layout:x="970" layout:y="240"/>
              <layout:dimensions layout:width="30" layout:height="30"/>
            </layout:boundingBox>
          </layout:generalGlyph>
          <layout:generalGlyph layout:reference="C4" layout:id="Glyph__C4">
            <layout:boundingBox>
              <layout:position layout:x="750" layout:y="340"/>
              <layout:dimensions layout:width="80" layout:height="40"/>
            </layout:boundingBox>
          </layout:generalGlyph>
        </layout:listOfAdditionalGraphicalObjects>
        <layout:listOfCompartmentGlyphs>
          <layout:compartmentGlyph layout:id="Glyph__Cell" layout:compartment="Cell">
            <layout:boundingBox>
              <layout:position layout:x="0" layout:y="0"/>
              <layout:dimensions layout:width="1070" layout:height="425"/>
            </layout:boundingBox>
          </layout:compartmentGlyph>
        </layout:listOfCompartmentGlyphs>
        <layout:listOfSpeciesGlyphs>
          <layout:speciesGlyph layout:id="Glyph__Metabolite1" layout:species="Metabolite1">
            <layout:boundingBox>
              <layout:position layout:x="520" layout:y="240"/>
              <layout:dimensions layout:width="100" layout:height="30"/>
            </layout:boundingBox>
          </layout:speciesGlyph>
          <layout:speciesGlyph layout:id="Glyph__Metabolite2" layout:species="Metabolite2">
            <layout:boundingBox>
              <layout:position layout:x="690" layout:y="240"/>
              <layout:dimensions layout:width="100" layout:height="30"/>
            </layout:boundingBox>
          </layout:speciesGlyph>
          <layout:speciesGlyph layout:id="Glyph__Metabolite3" layout:species="Metabolite3">
            <layout:boundingBox>
              <layout:position layout:x="850" layout:y="240"/>
              <layout:dimensions layout:width="100" layout:height="30"/>
            </layout:boundingBox>
          </layout:speciesGlyph>
        </layout:listOfSpeciesGlyphs>
        <layout:listOfTextGlyphs>
          <layout:textGlyph layout:graphicalObject="Glyph__Cell" layout:id="TextGlyph__Cell" layout:text="Cell">
            <layout:boundingBox>
              <layout:position layout:x="0" layout:y="0"/>
              <layout:dimensions layout:width="1070" layout:height="425"/>
            </layout:boundingBox>
          </layout:textGlyph>
          <layout:textGlyph layout:graphicalObject="Glyph__C1" layout:id="TextGlyph__C1" layout:text="C1">
            <layout:boundingBox>
              <layout:position layout:x="560" layout:y="120"/>
              <layout:dimensions layout:width="80" layout:height="40"/>
            </layout:boundingBox>
          </layout:textGlyph>
          <layout:textGlyph layout:graphicalObject="Glyph__C2" layout:id="TextGlyph__C2" layout:text="C2">
            <layout:boundingBox>
              <layout:position layout:x="710" layout:y="120"/>
              <layout:dimensions layout:width="80" layout:height="40"/>
            </layout:boundingBox>
          </layout:textGlyph>
          <layout:textGlyph layout:graphicalObject="Glyph__C3" layout:id="TextGlyph__C3" layout:text="C3">
            <layout:boundingBox>
              <layout:position layout:x="860" layout:y="120"/>
              <layout:dimensions layout:width="80" layout:height="40"/>
            </layout:boundingBox>
          </layout:textGlyph>
          <layout:textGlyph layout:graphicalObject="Glyph__Metabolite1" layout:id="TextGlyph__Metabolite1" layout:text="Metabolite1">
            <layout:boundingBox>
              <layout:position layout:x="520" layout:y="240"/>
              <layout:dimensions layout:width="100" layout:height="30"/>
            </layout:boundingBox>
          </layout:textGlyph>
          <layout:textGlyph layout:graphicalObject="Glyph__Metabolite2" layout:id="TextGlyph__Metabolite2" layout:text="Metabolite2">
            <layout:boundingBox>
              <layout:position layout:x="690" layout:y="240"/>
              <layout:dimensions layout:width="100" layout:height="30"/>
            </layout:boundingBox>
          </layout:textGlyph>
          <layout:textGlyph layout:graphicalObject="Glyph__Metabolite3" layout:id="TextGlyph__Metabolite3" layout:text="Metabolite3">
            <layout:boundingBox>
              <layout:position layout:x="850" layout:y="240"/>
              <layout:dimensions layout:width="100" layout:height="30"/>
            </layout:boundingBox>
          </layout:textGlyph>
          <layout:textGlyph layout:graphicalObject="Glyph__Req1" layout:id="TextGlyph__Req1" layout:text="Req1">
            <layout:boundingBox>
              <layout:position layout:x="640" layout:y="240"/>
              <layout:dimensions layout:width="30" layout:height="30"/>
            </layout:boundingBox>
          </layout:textGlyph>
          <layout:textGlyph layout:graphicalObject="Glyph__Req2" layout:id="TextGlyph__Req2" layout:text="Req2">
            <layout:boundingBox>
              <layout:position layout:x="810" layout:y="240"/>
              <layout:dimensions layout:width="30" layout:height="30"/>
            </layout:boundingBox>
          </layout:textGlyph>
          <layout:textGlyph layout:graphicalObject="Glyph__Req3" layout:id="TextGlyph__Req3" layout:text="Req3">
            <layout:boundingBox>
              <layout:position layout:x="970" layout:y="240"/>
              <layout:dimensions layout:width="30" layout:height="30"/>
            </layout:boundingBox>
          </layout:textGlyph>
          <layout:textGlyph layout:graphicalObject="Glyph__C4" layout:id="TextGlyph__C4" layout:text="C4">
            <layout:boundingBox>
              <layout:position layout:x="750" layout:y="340"/>
              <layout:dimensions layout:width="80" layout:height="40"/>
            </layout:boundingBox>
          </layout:textGlyph>
        </layout:listOfTextGlyphs>
      </layout:layout>
    </layout:listOfLayouts>
    <listOfCompartments>
      <compartment id="Cell" constant="true" spatialDimensions="3" size="1">
        <comp:listOfReplacedElements xmlns:comp="http://www.sbml.org/sbml/level3/version1/comp/version1">
          <comp:replacedElement comp:portRef="compartment__Cell" comp:submodelRef="C1"/>
          <comp:replacedElement comp:portRef="compartment__Cell" comp:submodelRef="C2"/>
          <comp:replacedElement comp:portRef="compartment__Cell" comp:submodelRef="C3"/>
          <comp:replacedElement comp:portRef="compartment__Cell" comp:submodelRef="C4"/>
        </comp:listOfReplacedElements>
      </compartment>
    </listOfCompartments>
    <listOfSpecies>
      <species id="Metabolite1" constant="false" initialAmount="100" hasOnlySubstanceUnits="true" metaid="iBioSim5" boundaryCondition="false" compartment="Cell">
        <comp:listOfReplacedElements xmlns:comp="http://www.sbml.org/sbml/level3/version1/comp/version1">
          <comp:replacedElement comp:portRef="output__Metabolite1" comp:submodelRef="C4"/>
          <comp:replacedElement comp:portRef="output__Matabolite" comp:submodelRef="C1"/>
        </comp:listOfReplacedElements>
      </species>
      <species id="Metabolite2" constant="false" initialAmount="100" hasOnlySubstanceUnits="true" metaid="iBioSim6" boundaryCondition="false" compartment="Cell">
        <comp:listOfReplacedElements xmlns:comp="http://www.sbml.org/sbml/level3/version1/comp/version1">
          <comp:replacedElement comp:portRef="output__Metabolite2" comp:submodelRef="C4"/>
          <comp:replacedElement comp:portRef="output__Matabolite" comp:submodelRef="C2"/>
        </comp:listOfReplacedElements>
      </species>
      <species id="Metabolite3" constant="false" initialAmount="100" hasOnlySubstanceUnits="true" metaid="iBioSim7" boundaryCondition="false" compartment="Cell">
        <comp:listOfReplacedElements xmlns:comp="http://www.sbml.org/sbml/level3/version1/comp/version1">
          <comp:replacedElement comp:portRef="output__Metabolite3" comp:submodelRef="C4"/>
          <comp:replacedElement comp:portRef="output__Matabolite" comp:submodelRef="C3"/>
        </comp:listOfReplacedElements>
      </species>
    </listOfSpecies>
    <listOfParameters>
      <parameter id="Req1" constant="false" metaid="iBioSim8" value="0">
        <comp:listOfReplacedElements xmlns:comp="http://www.sbml.org/sbml/level3/version1/comp/version1">
          <comp:replacedElement comp:portRef="input__Req1" comp:submodelRef="C4"/>
          <comp:replacedElement comp:portRef="output__Matabolite_Requirement" comp:submodelRef="C1"/>
        </comp:listOfReplacedElements>
      </parameter>
      <parameter id="Req2" constant="false" metaid="iBioSim9" value="0">
        <comp:listOfReplacedElements xmlns:comp="http://www.sbml.org/sbml/level3/version1/comp/version1">
          <comp:replacedElement comp:portRef="input__Req2" comp:submodelRef="C4"/>
          <comp:replacedElement comp:portRef="output__Matabolite_Requirement" comp:submodelRef="C2"/>
        </comp:listOfReplacedElements>
      </parameter>
      <parameter id="Req3" constant="false" metaid="iBioSim10" value="0">
        <comp:listOfReplacedElements xmlns:comp="http://www.sbml.org/sbml/level3/version1/comp/version1">
          <comp:replacedElement comp:portRef="input__Req3" comp:submodelRef="C4"/>
          <comp:replacedElement comp:portRef="output__Matabolite_Requirement" comp:submodelRef="C3"/>
        </comp:listOfReplacedElements>
      </parameter>
    </listOfParameters>
  </model>
</sbml>